original_snr,original_peak_value,original_energy,doppler_shift,processed_snr,snr_improvement,processed_energy,signal_idx,transient_length,steady_length,transient_ratio
12.415553551966305,0.9667969,139.35136322705563,36184.83155134142,14.562876126083697,2.1473225741173927,141.71101408332183,1,230,538,0.2994791666666667
15.021854131771502,0.49804688,29.266457113348004,56435.72549771796,16.353734133528015,1.331880001756513,118.84957063125673,2,230,538,0.2994791666666667
16.342730601891024,0.6855469,61.44483590212637,36155.88953939887,19.716730532471196,3.3739999305801724,94.59666587121535,3,230,538,0.2994791666666667
12.567916338813882,0.32714844,8.9918685183981,89556.12287576732,12.999412717678993,0.43149637886511094,60.80344008302027,4,230,538,0.2994791666666667
14.828919595767953,0.65234375,54.572758514563986,39141.93406156343,18.795153257678628,3.9662336619106746,112.17037061384679,5,230,538,0.2994791666666667
13.112806525210454,0.9995117,150.93573313615772,43475.128019864955,15.588294322666014,2.4754877974555605,158.34609059602002,6,230,538,0.2994791666666667
12.317755854121557,0.24365234,7.478681063738723,56160.13358617956,8.726976298542839,-3.5907795555787185,121.40546330181485,7,230,538,0.2994791666666667
16.001392247093744,0.4951172,30.414274675954843,63965.65475022892,12.513160257169705,-3.4882319899240386,99.49032140914585,8,93,675,0.12109375
14.877885220078266,0.86279297,98.16199229517764,35184.97034607825,18.760034322317054,3.882149102238788,143.88744368286956,9,230,538,0.2994791666666667
15.524047901458529,0.5629883,36.2756062082545,36505.398296609244,14.785335204180694,-0.7387126972778351,59.55617555221883,10,230,538,0.2994791666666667
14.338730654189046,0.8989258,113.45172205159275,42472.85002469644,16.208556538162725,1.8698258839736788,88.01387638722423,11,230,538,0.2994791666666667
16.97303144918325,0.8305664,108.65346508477039,32516.89089550035,26.0251766238297,9.052145174646451,142.73867553613454,12,88,680,0.11458333333333333
16.836203155157946,0.84472656,147.49409400571693,53129.44956832491,10.105828382879753,-6.730374772278193,163.36727581426976,13,230,538,0.2994791666666667
15.637939729750691,0.8461914,155.48243466180872,48896.82983737446,13.616777823121549,-2.0211619066291426,104.27938637037145,14,230,538,0.2994791666666667
14.291672572204067,0.8823242,160.53023209808165,48623.2225843951,10.211265065809059,-4.080407506395009,87.4232756922742,15,230,538,0.2994791666666667
15.097576285292506,0.6582031,55.5991199444062,32688.824450441793,17.06549777528317,1.9679214899906636,106.44344398688257,16,81,687,0.10546875
13.510003567106352,0.453125,26.079386266354646,65921.14827472233,12.595901083463046,-0.9141024836433065,77.9606054591954,17,230,538,0.2994791666666667
17.051097089929364,0.8144531,78.59824334181371,40786.61351370078,31.798407195816125,14.747310105886761,117.53419925727351,18,230,538,0.2994791666666667
16.075590437391934,0.66308594,57.10310758033732,44722.83897445949,14.439188283679488,-1.6364021537124458,93.47601407490662,19,230,538,0.2994791666666667
14.058406533271516,0.7089844,45.50275009611,59914.6452016659,8.090220482707627,-5.968186050563888,85.10359277418988,20,230,538,0.2994791666666667
16.96127824465565,0.7739258,68.47263152645296,52910.93684616939,13.419945463413935,-3.5413327812417137,106.75242105204899,21,230,538,0.2994791666666667
15.943144285866273,0.8569336,156.7735720120955,38385.12787456598,19.100376570293097,3.157232284426824,140.21846225652752,22,230,538,0.2994791666666667
15.813083692716441,0.52441406,37.09040004123406,40144.88736229895,14.108421626830072,-1.7046620658863691,164.83627423651166,23,230,538,0.2994791666666667
13.934172584361914,0.48876953,31.670456895870224,57664.77473339655,12.639978841760025,-1.2941937426018892,123.71062335199744,24,230,538,0.2994791666666667
17.58941311674627,0.84765625,106.38417271354105,46359.59075043117,24.05559447754651,6.466181360800238,114.40028739958525,25,102,666,0.1328125
13.715982270016887,0.8911133,123.43365531624647,37266.33498963581,13.201754256009206,-0.5142280140076814,112.03439094867706,26,230,538,0.2994791666666667
15.960127111300428,0.49267578,30.733011885443293,57915.744337895376,8.05348605036529,-7.906641060935138,137.48881461908968,27,91,677,0.11848958333333333
16.438132359668955,0.640625,51.141383149805556,39494.24641642079,14.958490567417435,-1.4796417922515204,119.22264317073287,28,230,538,0.2994791666666667
18.081889144486315,0.7792969,90.13680323029978,42152.640980051714,14.112009452103841,-3.9698796923824737,74.65102965979412,29,230,538,0.2994791666666667
13.831366550952556,0.92041016,156.90375842668786,45040.84275026592,16.602366170524732,2.7709996195721764,110.3677903889668,30,230,538,0.2994791666666667
14.241518458902394,0.5029297,34.23893764925701,50158.89825944083,11.796322815993161,-2.4451956429092334,136.86859767308988,31,230,538,0.2994791666666667
13.395073483122248,0.44482422,21.614768506244587,42921.20575699115,17.097601351522222,3.702527868399974,61.049880250888116,32,230,538,0.2994791666666667
12.409250236375907,0.42626953,18.2422935932993,62102.1556470331,8.771183194064387,-3.638067042311521,64.09226497890234,33,230,538,0.2994791666666667
14.469461781580042,0.77783203,72.16889000032543,38331.88108794891,16.94356091407015,2.4740991324901085,136.91710614971606,34,230,538,0.2994791666666667
12.333698710157588,0.35498047,17.831628279244192,62903.21596974072,9.01207757970596,-3.3216211304516285,74.71667342173161,35,230,538,0.2994791666666667
14.998763730616197,0.49072266,32.78637654282369,48502.8622602573,16.2722942607211,1.2735305301049031,113.32730588058774,36,230,538,0.2994791666666667
12.433071886189355,0.3959961,21.22337107120826,61240.88634472188,9.687530389161127,-2.7455414970282277,71.59266233705756,37,83,685,0.10807291666666667
14.259611152586773,0.4711914,26.960015731930525,65007.27284134976,8.076949984345429,-6.182661168241344,110.14802655921814,38,230,538,0.2994791666666667
12.164416475118854,0.41552734,14.744511544863188,84451.81683901184,11.828442353584956,-0.33597412153389783,156.1122377133598,39,230,538,0.2994791666666667
17.972773601793275,0.7675781,87.50102916159405,42558.211001607764,18.21581516480822,0.24304156301494473,69.20547448248305,40,230,538,0.2994791666666667
17.307335598608333,0.66796875,70.2935697623664,40868.657414531364,15.322266192383102,-1.9850694062252305,159.3142856595928,41,230,538,0.2994791666666667
12.886044371966713,0.2788086,9.532056821901564,51116.02681576779,11.153285534174028,-1.7327588377926855,92.57937678753696,42,92,676,0.11979166666666667
12.961599257657618,0.5390625,29.66682785914437,50745.03927963017,13.327097771169846,0.36549851351222884,84.08741070774502,43,98,670,0.12760416666666666
14.535380917788604,0.5942383,42.032303239166566,54263.69438517514,13.525009463740634,-1.01037145404797,171.2842790002964,44,230,538,0.2994791666666667
12.865305051388455,0.41992188,17.188236211827153,64027.1563084051,8.158225929077803,-4.7070791223106525,150.90505896745208,45,79,689,0.10286458333333333
14.612226793047649,0.5620117,35.890919187952306,64266.213386530886,10.709851716537033,-3.9023750765106158,106.73550202171263,46,230,538,0.2994791666666667
16.4486321410087,0.5083008,39.21737723233746,37861.70682141754,21.662461138677166,5.213828997668465,110.91343021609346,47,230,538,0.2994791666666667
14.30167381019576,0.48339844,27.34484910693492,42932.27134179003,23.71942036388967,9.417746553693911,134.24242539902235,48,230,538,0.2994791666666667
12.31266868110119,0.4243164,20.17235761127579,60237.16386447213,11.47202438023658,-0.8406443008646107,50.638067237098326,49,105,663,0.13671875
18.361448047229814,0.7792969,77.57170640323739,44296.81677186109,14.081348723841288,-4.2800993233885265,145.67241837643985,50,230,538,0.2994791666666667
15.253845179396306,0.75,66.3894913607419,41027.39747355579,17.634951739522165,2.3811065601258594,78.93312402325203,51,230,538,0.2994791666666667
15.9721158615873,0.71533203,59.42876430179845,63213.760580148664,13.646329893869522,-2.3257859677177777,123.26680660901044,52,111,657,0.14453125
12.896413042161159,0.46289062,17.697640459937016,63305.435333275265,12.051482941573434,-0.8449301005877246,51.5760998263447,53,230,538,0.2994791666666667
15.482314241013167,0.8305664,94.07844046469818,44386.40827973384,15.989921933391997,0.50760769237883,140.30451328835954,54,230,538,0.2994791666666667
14.629297985415235,0.49609375,28.518963594610874,34696.31196480864,17.387634068407824,2.7583360829925887,163.63106479688963,55,230,538,0.2994791666666667
17.1484428983284,0.8925781,147.19393302596748,50892.76787338345,5.961572152980457,-11.186870745347944,143.7893900118446,56,230,538,0.2994791666666667
13.991231375546178,0.27392578,7.754685399373343,59727.48029355095,14.584563645246778,0.5933322697005998,73.60516348572183,57,230,538,0.2994791666666667
13.373160984358146,0.4165039,19.973534815572933,66803.94944066991,9.96854378281084,-3.404617201547305,61.28417677024226,58,80,688,0.10416666666666667
12.302465038187858,0.46191406,23.21107864285489,44397.77161117704,19.8792053110824,7.576740272894543,100.45238127670538,59,230,538,0.2994791666666667
15.580563370385903,0.49316406,35.65408754027848,58620.55230501242,11.968063441681792,-3.6124999287041106,149.9629422413832,60,230,538,0.2994791666666667
17.41432111546046,0.79296875,78.88219696939373,42841.90873409531,15.256487749751784,-2.157833365708676,57.44881999660645,61,230,538,0.2994791666666667
13.327119185324408,0.4580078,22.970921992632285,53514.21721360727,6.703111441206772,-6.624007744117636,150.6835882052974,62,230,538,0.2994791666666667
15.05222858131146,0.89208984,127.43264484049642,44295.888201873495,15.931128281253288,0.8788996999418277,127.08945527593934,63,230,538,0.2994791666666667
15.528708011121866,0.44189453,30.13582018747757,52361.518544774466,8.40913514201991,-7.119572869101956,185.92007274371133,64,230,538,0.2994791666666667
17.057519646940918,0.7446289,69.50536188257772,37737.173333526145,19.83439455164584,2.776874904704922,122.19692291154432,65,230,538,0.2994791666666667
16.90866021017285,0.8803711,120.14929315777434,50830.887104897905,9.746235187223013,-7.162425022949838,118.4999304962412,66,88,680,0.11458333333333333
13.891348157426044,0.8027344,62.57308840504975,39242.5452129811,15.022172460597647,1.130824303171602,100.87862406546354,67,230,538,0.2994791666666667
13.983432613010486,0.42822266,22.095629671324126,56667.724233629626,7.120124032890174,-6.863308580120312,187.57373191969396,68,230,538,0.2994791666666667
13.316226701554983,0.4560547,25.002828165844587,53872.430692544585,5.330910818109307,-7.9853158834456766,175.40999532650304,69,230,538,0.2994791666666667
14.316869326514304,0.6123047,44.755430714601914,39173.61775605343,14.248759267336812,-0.06811005917749213,178.32834877539398,70,230,538,0.2994791666666667
12.975461057447134,0.9145508,138.098795319934,47556.07662191956,12.382795167552406,-0.5926658898947288,154.19363297730902,71,86,682,0.11197916666666667
14.46705297252249,0.43896484,19.885168014725398,48889.24293299937,11.793190198093173,-2.673862774429317,161.7776906390195,72,230,538,0.2994791666666667
17.95956186157766,0.6333008,68.21562422327617,44593.01943320131,17.91678415624936,-0.04277770532830161,125.64254753402561,73,230,538,0.2994791666666667
12.12446447100641,0.35595703,10.52844071897908,72210.19874348785,12.76582546154948,0.6413609905430704,58.783013087799844,74,230,538,0.2994791666666667
15.302053190076151,0.43554688,19.915973435581478,49819.78101178539,9.17007552199917,-6.131977668076981,152.87263564388095,75,230,538,0.2994791666666667
14.771367991004244,0.47460938,23.332481837038628,40300.70067082896,20.806090900482637,6.034722909478393,154.82012568747206,76,230,538,0.2994791666666667
15.60831557253655,0.5258789,40.418904227171,53190.640320609906,11.924025432379572,-3.6842901401569783,144.6664672981795,77,78,690,0.1015625
15.809736311945546,0.89208984,136.09523115436363,54697.41568440645,9.678507319186467,-6.131228992759079,191.46793662168662,78,230,538,0.2994791666666667
14.391325431199856,0.43554688,27.71239952790343,61029.29518947506,9.85232409141567,-4.539001339784187,138.85795257707363,79,230,538,0.2994791666666667
14.93728620174087,0.45996094,21.372305875090923,65262.35670604399,9.34428048304211,-5.593005718698759,143.99173571584282,80,230,538,0.2994791666666667
13.55635060864268,0.9267578,151.70761020255273,44550.70422616686,25.576975088781694,12.020624480139015,83.46982625219228,81,230,538,0.2994791666666667
12.550039781635272,0.33447266,7.951407658860037,77207.79888082437,8.67315599567415,-3.8768837859611214,110.60728417200579,82,230,538,0.2994791666666667
13.465558903513575,0.9272461,189.3872184191983,48435.25792783176,12.170203029847267,-1.295355873666308,80.89754732486585,83,230,538,0.2994791666666667
14.966630340205125,0.86083984,135.1506572895313,43885.981530634584,17.643500525704457,2.6768701854993324,97.21076246551982,84,230,538,0.2994791666666667
14.418714722522106,0.86621094,108.87859568183086,39591.13201327893,33.879390557044374,19.46067583452227,108.091647055579,85,230,538,0.2994791666666667
11.35906020036133,0.36767578,10.934152365068972,71695.61052817086,13.13406757811748,1.7750073777561486,65.73951990138245,86,230,538,0.2994791666666667
17.27662294881326,0.80859375,88.3071066012599,34705.71646078951,18.787143831348118,1.510520882534859,177.48866350474037,87,230,538,0.2994791666666667
16.68154787377308,0.8300781,99.7582950687532,50731.917490517815,10.503676645986236,-6.177871227786845,104.03145197400372,88,89,679,0.11588541666666667
13.456306257039321,0.48828125,23.579410120570174,56387.326692762785,7.612108970120969,-5.844197286918352,150.2736223530582,89,230,538,0.2994791666666667
15.13759298763765,0.85058594,128.79905701540864,48452.06193785052,18.292175620333364,3.154582632695714,145.2047034635351,90,230,538,0.2994791666666667
12.083396858214641,0.93359375,139.62240927011123,39992.34610677816,17.822325614192447,5.738928755977806,116.16899323465927,91,230,538,0.2994791666666667
14.05776197230151,0.45214844,26.360638378834118,56752.54172970845,13.129833672914303,-0.9279282993872062,117.13467159409134,92,230,538,0.2994791666666667
15.30635262115122,0.65771484,51.73437828177819,35429.98188708387,12.871723928512713,-2.4346286926385066,170.83806377325078,93,230,538,0.2994791666666667
17.088257951513093,0.8666992,84.17081921687432,39791.50269361133,13.668130308403704,-3.4201276431093888,62.393920531326266,94,230,538,0.2994791666666667
18.511758970708904,0.66015625,66.30653681135207,37408.832795271,21.50436904860357,2.9926100778946676,103.25503380887153,95,230,538,0.2994791666666667
15.753183213694017,0.4946289,41.82891375225245,39822.16510470518,17.984650600972568,2.231467387278551,98.81430827357386,96,230,538,0.2994791666666667
16.09511829267239,0.5415039,36.74724404026229,52379.800455909106,12.987312003403868,-3.1078062892685203,128.98744272849473,97,230,538,0.2994791666666667
14.689771692512155,0.7050781,57.998032861546385,36355.579821233354,19.59042992129833,4.900658228786176,120.02066738449156,98,230,538,0.2994791666666667
15.317152538507546,0.55615234,41.448482643467756,51680.14648606622,15.034916152201339,-0.2822363863062076,144.61966537188692,99,230,538,0.2994791666666667
15.743081582808962,0.79052734,78.36829786425916,39440.918539312166,24.110130399252935,8.367048816443972,146.22953040884659,100,230,538,0.2994791666666667
17.79561370980373,0.7636719,77.22008600075071,35027.85915404038,15.52244599723284,-2.273167712570892,145.6885857053243,101,230,538,0.2994791666666667
12.291167161582312,0.9067383,138.48311062055515,36657.723515885365,22.332943024402958,10.041775862820646,123.14512329133969,102,230,538,0.2994791666666667
13.00072946467311,0.5131836,30.438348008824104,53886.923840369134,15.458407800201382,2.4576783355282714,99.42708986782995,103,230,538,0.2994791666666667
17.724187415726547,0.66259766,74.32937778892838,38122.54175594725,21.474372468895062,3.750185053168515,93.78093891860173,104,230,538,0.2994791666666667
17.290051659227416,0.7475586,68.09084214645718,44304.78902070107,17.313693045347986,0.023641386120569763,166.37511904519477,105,230,538,0.2994791666666667
13.710804247761612,0.49902344,20.43082999080977,64947.856895184676,10.09355870253705,-3.617245545224561,75.9907748625608,106,230,538,0.2994791666666667
13.711812451022285,0.90234375,107.38732341358887,49647.50343206156,12.36469725025489,-1.3471152007673943,103.14316881144597,107,230,538,0.2994791666666667
14.224150175587953,0.74365234,76.49450205854134,60699.8107279168,10.603899479112853,-3.6202506964751002,125.98924793188952,108,132,636,0.171875
11.946777990415676,0.3564453,15.600924755344025,60763.67977355474,9.757635953825869,-2.189142036589807,51.80140750344354,109,92,676,0.11979166666666667
15.038437520461931,0.8725586,114.95972066277773,46708.44286614327,21.16454820322357,6.12611068276164,128.44331690458472,110,230,538,0.2994791666666667
15.738011617945089,0.8051758,89.29533649250916,52042.58072960461,15.87742636274488,0.1394147447997902,136.15135541439756,111,230,538,0.2994791666666667
11.085901059621708,0.3984375,10.584556798895097,55964.53902042907,5.600080606620816,-5.485820453000892,158.94488272215824,112,230,538,0.2994791666666667
13.730709476602403,0.49902344,31.13867399339803,64369.374805178915,9.644476179275951,-4.0862332973264515,135.46628741606565,113,230,538,0.2994791666666667
13.248279199865667,0.87597656,119.55992226546674,40467.000503563264,21.95715942765753,8.708880227791862,139.29903212364246,114,230,538,0.2994791666666667
16.38995966045008,0.8066406,102.66988789587094,39822.0604277715,18.83098954936692,2.4410298889168374,144.25300418856747,115,230,538,0.2994791666666667
13.377404032422085,0.9140625,142.8789180899629,38312.34640480557,22.177941843944218,8.800537811522133,118.5103816746899,116,230,538,0.2994791666666667
15.047971728849976,0.43701172,27.96981432446622,49960.452125200696,12.776458828899164,-2.271512899950812,152.6970323355704,117,230,538,0.2994791666666667
17.823235046450563,0.8383789,104.96526346397461,44289.36914754154,18.6036186002238,0.7803835537732375,158.19621760948226,118,230,538,0.2994791666666667
15.831810478569736,0.7680664,68.52839451936293,39552.65699706839,12.312338219500923,-3.519472259068813,158.72022815118157,119,230,538,0.2994791666666667
16.804770628282192,0.8496094,123.85880637687683,42580.38919373392,14.187585076446085,-2.6171855518361067,84.69809881100551,120,230,538,0.2994791666666667
11.80872119563472,0.9379883,141.5422708782754,44567.20446680485,21.786657060926572,9.977935865291853,147.97939506436245,121,230,538,0.2994791666666667
15.273888186159505,0.83984375,84.51669200505344,33584.752978518525,20.660099401896225,5.38621121573672,132.28605907582832,122,230,538,0.2994791666666667
11.859211623854629,0.9082031,144.04953773115042,40136.915735169205,18.67069997760385,6.811488353749221,157.30347524828903,123,230,538,0.2994791666666667
17.435653992146996,0.6020508,64.9543575149998,47384.00483585593,25.012539013069585,7.576885020922589,105.78069910913004,124,230,538,0.2994791666666667
12.303153910211686,0.45410156,22.23915008059854,52745.949546922704,12.697310738799468,0.3941568285877821,117.72607862433769,125,230,538,0.2994791666666667
12.33036677064397,0.25195312,6.403501477520511,53827.66830409923,4.611990379759058,-7.718376390884912,231.49944139359678,126,230,538,0.2994791666666667
17.37838706152315,0.7446289,73.97511186060952,33644.69143265641,27.54619550037395,10.167808438850802,86.31042803565511,127,230,538,0.2994791666666667
14.83193439014762,0.7885742,67.49807347011662,31079.21833688851,17.975393925854554,3.143459535706935,121.26560281866927,128,230,538,0.2994791666666667
17.301019526506508,0.8100586,72.52095474554041,39477.37047715761,19.587823719034684,2.2868041925281766,98.25879571375839,129,230,538,0.2994791666666667
14.357338105401533,0.5205078,32.39424155378241,50500.81597928945,13.312342553645493,-1.04499555175604,108.75208902811602,130,86,682,0.11197916666666667
14.592373142081097,0.8095703,97.36479186843655,35240.81364542802,15.356187420047963,0.7638142779668655,185.7399438691702,131,230,538,0.2994791666666667
15.069852098123649,0.44140625,27.912298892517512,55432.1132756264,9.65032918014664,-5.419522917977009,133.54872273240244,132,77,691,0.10026041666666667
17.858198534570068,0.5991211,57.697448621159204,42142.452255053715,18.120521410859254,0.26232287628918627,122.4968110909537,133,230,538,0.2994791666666667
15.797785116676465,0.58740234,36.78040266905182,46847.67620754644,26.863209183755394,11.06542406707893,93.69306915271979,134,230,538,0.2994791666666667
15.815551362761537,0.7548828,60.98195993167798,34654.24133277064,17.07224184620395,1.256690483442414,130.35905614265496,135,230,538,0.2994791666666667
16.0939265765174,0.9189453,144.70517562915452,45646.48059938893,31.54034758960414,15.446421013086738,84.31378968258385,136,230,538,0.2994791666666667
18.165904639498077,0.7011719,59.689612014703684,43238.37166385667,17.157371758795538,-1.008532880702539,86.70281155225565,137,230,538,0.2994791666666667
15.574721015771825,0.53271484,36.599997584155574,58956.860112405164,7.997852284765454,-7.576868731006371,122.84482100853498,138,230,538,0.2994791666666667
16.473666449503817,0.69873047,62.25195213108393,47045.295696817135,21.611673351428585,5.1380069019247685,99.96302073472636,139,230,538,0.2994791666666667
13.764383204993564,0.41015625,22.24059697700428,64060.73329382944,7.852416502404893,-5.911966702588671,181.34986039616365,140,230,538,0.2994791666666667
17.367275720115764,0.7573242,87.65044447387811,44841.90296254822,24.36263929013776,6.995363570021997,99.60433084273504,141,230,538,0.2994791666666667
14.727823617633224,0.5131836,30.178110621305038,49223.94666336069,16.25625982965282,1.5284362120195958,117.41865513654382,142,230,538,0.2994791666666667
14.299146700212654,0.71972656,47.21606243586723,60110.28630150458,10.763095835513663,-3.536050864698991,64.2591204665546,143,93,675,0.12109375
16.416444305071433,0.79003906,66.62959017404678,36354.561536252855,25.434627698276365,9.018183393204932,125.59311595034715,144,230,538,0.2994791666666667
14.597780513731633,0.85595703,108.36423213466395,45233.195696027426,35.34511973707568,20.747339223344042,105.40279371232866,145,230,538,0.2994791666666667
17.25102679119036,0.80566406,121.95484010042831,37448.794428177935,14.197508540074422,-3.0535182511159373,147.24888049317184,146,230,538,0.2994791666666667
13.034819748903825,0.9589844,148.85000105141796,42380.45347571751,16.435429149425214,3.4006094005213896,66.50735601268836,147,230,538,0.2994791666666667
17.41607370362338,0.86376953,76.30482539281012,52737.91709520023,15.186855684133779,-2.2292180194896005,156.20434856109674,148,230,538,0.2994791666666667
13.17825072881973,0.50634766,25.80197593526497,58926.451989080066,8.970553522194585,-4.207697206625145,70.15405394131851,149,81,687,0.10546875
14.203279595730166,0.3935547,21.900814940276863,50904.55241752308,14.478374385545052,0.27509478981488655,140.26409005539017,150,230,538,0.2994791666666667
16.931940670775315,0.7529297,79.5634092056239,43686.51775460868,17.500552379989184,0.5686117092138687,85.24693607859969,151,230,538,0.2994791666666667
16.298528606099094,0.86621094,85.84984069815386,43989.65839722924,18.47317597289986,2.174647366800766,82.0437549110716,152,230,538,0.2994791666666667
16.761302962325825,0.765625,64.12786950586731,35679.944640877555,17.463240324528584,0.7019373622027594,125.6947497282453,153,230,538,0.2994791666666667
14.170477447310365,0.6464844,49.73180477971184,36044.604093175956,10.241950371152349,-3.9285270761580158,116.68172589174324,154,230,538,0.2994791666666667
14.114726006645482,0.41845703,14.685835578920242,86127.56363379839,10.619857979671881,-3.4948680269736005,102.34102397794291,155,230,538,0.2994791666666667
13.762905895520339,0.42822266,24.624994098617222,68278.74124188993,11.209179743559687,-2.5537261519606513,132.6948738156124,156,230,538,0.2994791666666667
14.946120857967841,0.4873047,32.68003397585457,51200.973235675614,14.6656779289789,-0.28044292898894163,97.99620267479813,157,230,538,0.2994791666666667
14.033453508075699,0.38867188,22.228472937239143,64219.76874752811,6.792877987063224,-7.240575521012475,152.28383791236988,158,230,538,0.2994791666666667
15.563427332213331,0.4350586,25.99139338269383,47306.26441630698,15.28646366483595,-0.2769636673773821,116.26952568321744,159,230,538,0.2994791666666667
13.453433527071182,0.45263672,23.456369121526397,62764.16537296791,10.583507305920277,-2.869926221150905,95.94735876929737,160,83,685,0.10807291666666667
16.658333222565698,0.7553711,80.08519386873455,40085.91093786167,26.8675824901257,10.20924926756,129.81125478757252,161,230,538,0.2994791666666667
14.086031620702013,0.4970703,22.614101044006674,66701.66247939572,10.953999123447746,-3.132032497254267,57.43236592513423,162,230,538,0.2994791666666667
12.397028561356606,0.296875,9.170220615247732,80573.74207265885,12.69787157183001,0.3008430104734039,70.59625514393014,163,230,538,0.2994791666666667
15.748625149728966,0.64501953,46.13146965566332,41520.30242261868,24.008357270008062,8.259732120279097,99.94703248804338,164,230,538,0.2994791666666667
16.675877999751382,0.7138672,57.46605756281967,35526.86343666486,33.86480839514047,17.18893039538909,98.46128641005313,165,230,538,0.2994791666666667
14.359456534280074,0.6020508,34.64580932951327,57261.04457915644,8.297468523882111,-6.061988010397963,181.69174943098758,166,106,662,0.13802083333333334
14.124649882071472,0.51220703,23.2482272546003,60877.470764472644,8.661895129653601,-5.462754752417871,83.2236464643293,167,230,538,0.2994791666666667
12.318267611700495,0.39257812,16.49385783319927,56164.01727874229,7.120696999363987,-5.197570612336508,111.89081482333452,168,230,538,0.2994791666666667
14.575113570978978,0.45458984,25.971004435346295,62794.25165614074,11.155267396219394,-3.4198461747595843,106.11512523240262,169,230,538,0.2994791666666667
16.56700221696678,0.56933594,39.966232801460116,52339.196777125406,15.573370444347978,-0.9936317726188033,135.55948131224397,170,230,538,0.2994791666666667
13.6588644279859,0.40673828,15.917737284144025,53951.37250515118,18.0917737304137,4.432909302427799,125.41887221005776,171,230,538,0.2994791666666667
14.44757248158199,0.90283203,113.52472086480051,36405.87080235864,18.94409446152079,4.496521979938802,103.06366452628772,172,230,538,0.2994791666666667
14.10879311464063,0.4814453,29.131511388946713,52763.97246960149,19.944922189092047,5.836129074451417,124.6650054546931,173,230,538,0.2994791666666667
14.649410436652754,0.7949219,63.73611382041318,48968.22060334907,13.352361776448006,-1.297048660204748,128.82434547778126,174,230,538,0.2994791666666667
15.047076990556185,0.4555664,30.508485077982115,47695.041785079055,12.080423030673215,-2.9666539598829704,118.34070266420949,175,230,538,0.2994791666666667
15.255094774394083,0.88720703,134.82369976050123,48456.80896955458,16.617365425306907,1.3622706509128246,52.315512925438874,176,230,538,0.2994791666666667
16.48461270115976,0.8027344,94.4427354343762,34336.44682357807,22.887050403036962,6.402437701877201,126.524112426898,177,230,538,0.2994791666666667
17.753626478735125,0.80908203,109.53651734918233,42433.56931564042,17.21558435849758,-0.5380421202375452,90.6455183722578,178,230,538,0.2994791666666667
15.707190494628886,0.5336914,50.86602291194564,40888.648090143935,24.652966641022772,8.945776146393886,80.62833000171331,179,230,538,0.2994791666666667
16.281575722068126,0.80810547,95.50094864897656,43006.88476288648,15.464384515941843,-0.8171912061262834,105.50806036946804,180,230,538,0.2994791666666667
16.79442628046999,0.7739258,78.12168413244585,43395.17803154302,26.82231630326517,10.027890022795177,113.84292779225422,181,230,538,0.2994791666666667
13.658599698686835,0.90478516,110.61790274375967,39849.37871317446,18.407912699106372,4.749313000419537,131.04555267477485,182,230,538,0.2994791666666667
13.365327637434863,0.43945312,22.80565075502247,67449.28966990595,10.469824163727107,-2.8955034737077554,95.6655407355146,183,230,538,0.2994791666666667
13.471803728946236,0.8618164,120.0058259051896,34491.8147642066,15.972084405444903,2.500280676498667,159.3935082497534,184,230,538,0.2994791666666667
16.30788106380046,0.7324219,66.69693823491792,39071.90243022175,19.742145176060724,3.4342641122602657,112.43629219445033,185,230,538,0.2994791666666667
16.577716364878803,0.83691406,74.28908078348798,41115.90946836491,14.460757290427495,-2.1169590744513087,90.45201981179864,186,230,538,0.2994791666666667
15.87209882215004,0.8364258,104.73669510849781,37456.704626264895,13.221969848129687,-2.650128974020353,112.53177409968791,187,230,538,0.2994791666666667
15.424094102324748,0.63671875,47.67303532273861,40006.62532445722,17.60471465906749,2.180620556742742,155.45031292509697,188,230,538,0.2994791666666667
16.91332368646758,0.77734375,67.8324994047689,44262.501424288545,19.49922866675639,2.5859049802888094,116.59634475349645,189,230,538,0.2994791666666667
12.92820259829292,0.3486328,18.356407176449615,59592.6652362982,8.953898883106552,-3.974303715186368,64.41341498439957,190,230,538,0.2994791666666667
13.129696139300739,0.39746094,13.89195489866519,55695.848546848894,13.085979518664665,-0.043716620636073955,161.81644685419758,191,230,538,0.2994791666666667
14.271005252093524,0.72998047,68.61183482763033,63345.08038099349,8.334581786530142,-5.936423465563381,106.06262616935896,192,230,538,0.2994791666666667
13.929362556024444,0.58740234,35.26111247200585,42118.51015665795,16.49377949610301,2.5644169400785657,64.81647793677422,193,230,538,0.2994791666666667
15.818436161893075,0.7973633,89.53458954552545,41239.177776477736,17.190856901867335,1.3724207399742596,114.57744105836113,194,230,538,0.2994791666666667
15.314117451934441,0.7939453,62.109635343881365,53985.89148743023,7.61504064911608,-7.699076802818362,110.00049026849162,195,230,538,0.2994791666666667
17.124821716766988,0.5839844,53.69002077393078,47611.928897256235,17.516168207654307,0.39134649088731877,135.79065995140877,196,230,538,0.2994791666666667
16.18205199779088,0.8588867,129.3441672712288,45136.45357530948,20.606757222549223,4.424705224758345,135.95792474769948,197,230,538,0.2994791666666667
14.75600864985443,0.49658203,34.0024211225431,56776.695772703635,6.299164109993613,-8.456844539860818,154.11555659025368,198,230,538,0.2994791666666667
14.120349478149103,0.44921875,26.289826915880717,62076.98989050845,8.54513677967072,-5.575212698478383,158.05822149983697,199,230,538,0.2994791666666667
15.84508771389902,0.6010742,38.20000944409991,51619.875129719614,16.74747424426748,0.9023865303684602,117.93508220279017,200,230,538,0.2994791666666667
17.3524464525423,0.6899414,64.14687188053321,43095.95647565901,15.641822349812678,-1.7106241027296214,148.91943933220688,201,230,538,0.2994791666666667
14.746483560682979,0.6010742,49.15304183288986,41078.98792123936,17.95160943912433,3.2051258784413506,91.92724186692503,202,230,538,0.2994791666666667
12.325493319481888,0.95703125,149.25770371184657,40632.037370262195,24.835320462776863,12.509827143294975,131.71116964835696,203,230,538,0.2994791666666667
15.62650008774038,0.8203125,90.14429981228156,21898.274058048974,17.65646356171957,2.0299634739791887,143.6711244424737,204,230,538,0.2994791666666667
12.101738357785907,0.43408203,18.932474877127863,72559.48583438128,11.553118533724385,-0.5486198240615217,66.11758592808448,205,83,685,0.10807291666666667
12.81280527843213,0.41455078,17.35079412835428,76805.11880784483,15.212214279792518,2.3994090013603877,74.07127314693099,206,230,538,0.2994791666666667
14.986842981168255,0.55078125,38.308794976813,69760.90781366357,10.721809594736005,-4.2650333864322505,179.7599620086626,207,230,538,0.2994791666666667
15.071984449366475,0.921875,105.31215463188656,67288.74473952064,11.912688389931345,-3.15929605943513,138.2611651579365,208,230,538,0.2994791666666667
13.431516148560211,0.40283203,22.151419643638192,52153.43258515712,10.8148481375847,-2.616668010975511,131.09611885526397,209,230,538,0.2994791666666667
13.95686179082695,0.5683594,39.79040976190912,44581.032164524084,20.30421695159535,6.3473551607684,77.61523969000903,210,230,538,0.2994791666666667
12.995524763382754,0.45117188,15.541791641058623,61519.89027492536,13.103930537205839,0.10840577382308503,74.31448062575475,211,91,677,0.11848958333333333
15.698896087473074,0.7651367,48.62382430338856,57447.012585311655,9.826354457031467,-5.8725416304416065,97.15505602951042,212,230,538,0.2994791666666667
15.410788581714712,0.4975586,24.969942404746078,60268.711069819634,11.628382893607984,-3.782405688106728,127.22898744744415,213,230,538,0.2994791666666667
15.131005916327734,0.83251953,93.22785314447408,34369.13371510244,20.647314331316874,5.51630841498914,156.49635122101483,214,230,538,0.2994791666666667
16.75768012485994,0.69140625,62.484641172074305,44919.76289225899,25.229148783796482,8.47146865893654,96.83934014344791,215,230,538,0.2994791666666667
12.032393442662194,0.9145508,134.65219781062456,41462.72240143697,19.21499627625049,7.1826028335882945,70.42572443099499,216,230,538,0.2994791666666667
14.27498399956824,0.44189453,24.99253459311485,50924.40277596004,17.94329324514526,3.668309245577019,83.62213737156738,217,230,538,0.2994791666666667
12.116348908031346,0.3725586,14.59608797498892,47175.25479490285,21.340127355557303,9.223778447525957,109.09265277008981,218,230,538,0.2994791666666667
13.895843372239401,0.44091797,23.08763550655738,49840.59906226908,14.779650745068725,0.8838073728293239,90.66407544501592,219,88,680,0.11458333333333333
14.317255982970709,0.4272461,20.965593810517927,63024.38586226918,13.084609610930247,-1.2326463720404615,131.3154366441091,220,230,538,0.2994791666666667
15.249863922583742,0.4897461,30.610419076980598,52943.90697232497,9.03724197079973,-6.212621951784012,129.56903671669784,221,230,538,0.2994791666666667
15.305272686739574,0.6982422,49.480983886967,39174.159126766666,12.56510991438576,-2.7401627723538144,169.21569604678015,222,230,538,0.2994791666666667
16.09106002494729,0.8251953,106.00189418607286,39147.08274725073,32.36833088548974,16.27727086054245,113.17435522754785,223,230,538,0.2994791666666667
16.910557460047304,0.7998047,89.4855419459403,43018.45234995391,14.600368426904318,-2.3101890331429864,145.13831899323583,224,230,538,0.2994791666666667
13.334121023383487,0.43554688,24.36728094729259,52921.89258656879,13.418271693547448,0.08415067016396094,107.0696148032934,225,230,538,0.2994791666666667
14.475513845266775,0.45751953,32.57342023297455,59323.73064113497,6.539494548469743,-7.936019296797032,139.26910315441106,226,230,538,0.2994791666666667
12.236978400560908,0.43945312,15.388640420818463,77842.27224011628,12.980826040453977,0.7438476398930689,77.76913718763737,227,230,538,0.2994791666666667
13.13553109619441,0.4868164,28.857219429275617,56370.63776464575,9.042363691704306,-4.093167404490103,74.31017101810184,228,230,538,0.2994791666666667
16.38478944817195,0.8701172,117.61645253917965,52760.479008099006,13.889983731169568,-2.4948057170023823,151.85996904253224,229,230,538,0.2994791666666667
16.282419270546413,0.78125,68.01960773148909,36755.38251333608,20.781135020850474,4.498715750304061,94.72972920481274,230,230,538,0.2994791666666667
14.345139989099188,0.4638672,27.21427709348402,64470.14199682666,9.617160814062732,-4.727979175036456,130.17562507064542,231,106,662,0.13802083333333334
16.882235198538307,0.63671875,48.58887717472672,47469.383893180166,14.460950070048542,-2.4212851284897656,97.53843635134562,232,230,538,0.2994791666666667
16.792261309562733,0.7832031,73.34031622800923,32587.29520535173,26.39962607356294,9.607364764000206,120.28342123913896,233,230,538,0.2994791666666667
12.829180191017855,0.94921875,151.1490267429739,41905.05926495773,19.335745596473664,6.5065654054558095,119.57842276143771,234,230,538,0.2994791666666667
14.87794576143038,0.56396484,35.34930708932998,45919.18242667664,16.923561493566236,2.0456157321358557,137.0317434870621,235,230,538,0.2994791666666667
12.817920762907955,0.4272461,19.51216426993914,63143.644052471456,11.0599790086872,-1.757941754220754,66.43195202569517,236,87,681,0.11328125
13.401421307494193,0.47460938,31.303450867583678,54192.11701871761,7.7407479091956555,-5.660673398298537,111.9263721511536,237,230,538,0.2994791666666667
14.97524220251935,0.5908203,51.01325020609809,40008.08981837368,17.204337968534354,2.2290957660150035,90.49004414759632,238,230,538,0.2994791666666667
14.148267213116036,0.39648438,18.52814699623299,59341.22474267518,9.488049187970987,-4.660218025145049,117.86832716296443,239,230,538,0.2994791666666667
15.814604314008205,0.4736328,27.673926595771956,56050.701998690725,10.024673286986957,-5.7899310270212485,149.63402235240883,240,230,538,0.2994791666666667
12.686287127934804,0.921875,149.4161674909294,43593.197417735595,17.289346161094855,4.603059033160051,61.87930995393718,241,230,538,0.2994791666666667
15.164471582554357,0.4868164,37.55931393589542,54989.4821818545,8.235906823026943,-6.928564759527415,129.9042552710641,242,230,538,0.2994791666666667
15.36058790908007,0.49267578,32.52854886124146,55803.81471721797,10.643054678444567,-4.717533230635503,168.37870641386547,243,230,538,0.2994791666666667
12.495072018122308,0.53759766,29.821515840644174,54354.42873200787,5.364093921902304,-7.130978096220003,89.03039850249476,244,230,538,0.2994791666666667
17.06391729248018,0.81396484,98.61541794776304,51757.2298753207,11.89875589625532,-5.16516139622486,121.89299101784633,245,94,674,0.12239583333333333
16.12316849719675,0.8027344,79.33197481119173,34426.46386371908,23.481779844185517,7.358611346988766,109.09653613448054,246,230,538,0.2994791666666667
11.731023868184183,0.41601562,19.18949488243636,62878.2449127534,10.582749044193317,-1.1482748239908656,64.0050040619107,247,230,538,0.2994791666666667
16.551408943961114,0.68310547,74.94527901413844,41628.630001484125,18.624374550748325,2.0729656067872106,131.67559110066097,248,230,538,0.2994791666666667
13.091348759914778,0.37695312,18.542005458157035,65788.89362049026,9.85565037649883,-3.235698383415949,67.310542282938,249,230,538,0.2994791666666667
13.532089465489037,0.43603516,24.31089995182537,59250.53137777113,9.730504312937505,-3.8015851525515316,62.13548644508822,250,230,538,0.2994791666666667
17.60859714738238,0.7441406,80.35455590286853,40485.445245629824,14.430344202174993,-3.1782529452073867,137.7864771280766,251,230,538,0.2994791666666667
16.346033512481664,0.86572266,117.79848693425994,47120.79861178884,23.919005562441946,7.572972049960281,95.8536403315747,252,230,538,0.2994791666666667
13.242819446055815,0.46826172,26.04418439841634,51578.24981174324,8.46148971291803,-4.781329733137785,136.1423665910559,253,230,538,0.2994791666666667
13.84391570082812,0.52001953,29.388629769506473,48197.1312342276,17.03521158026725,3.1912958794391315,102.38693302894194,254,230,538,0.2994791666666667
14.082717627886247,0.9472656,171.3426624845958,49172.765695719856,17.144342781523854,3.061625153637607,85.40592826707923,255,230,538,0.2994791666666667
16.70991366607242,0.72753906,79.02873181093759,44251.44378140243,17.334159012819274,0.6242453467468536,94.04980587627047,256,230,538,0.2994791666666667
14.889014849018531,0.8955078,135.6760659998455,48881.45781325165,12.743342283023742,-2.14567256599479,85.23180433134007,257,230,538,0.2994791666666667
13.437324176779708,0.4560547,25.04495164662782,64544.84143365608,8.97225108067339,-4.465073096106318,77.95737924669491,258,230,538,0.2994791666666667
15.393955750708894,0.6567383,36.439748236705526,56017.102882796506,9.408948604454904,-5.98500714625399,121.25691579973886,259,230,538,0.2994791666666667
16.77333276513441,0.85546875,112.95954649803312,35173.443158077476,18.676908208074426,1.9035754429400171,126.60404735172852,260,230,538,0.2994791666666667
13.67532426467587,0.35595703,19.169480249375496,58725.783691372955,6.916792556892463,-6.7585317077834075,125.83669951743082,261,79,689,0.10286458333333333
13.633217632846897,0.48242188,21.645033838656744,51976.05763728741,6.275903601072496,-7.357314031774401,154.35078976746368,262,230,538,0.2994791666666667
17.48870410508211,0.7832031,102.16369907182283,34672.91105112073,17.99067656107688,0.5019724559947711,147.54625667642978,263,230,538,0.2994791666666667
13.490715952858112,0.4243164,23.561559202310015,51704.42592445733,11.487259269920765,-2.0034566829373475,161.5011688185633,264,230,538,0.2994791666666667
14.679856298525438,0.50683594,37.88205869819205,43436.36686550328,31.534883043676814,16.855026745151378,110.32075535555074,265,230,538,0.2994791666666667
13.512255765849703,0.42578125,16.209115768035574,52490.81900002772,10.38876192349262,-3.1234938423570835,140.52102415105725,266,230,538,0.2994791666666667
17.22610345438389,0.6538086,62.94988285655309,41843.60284944842,12.880837502059062,-4.3452659523248265,117.17327768104418,267,230,538,0.2994791666666667
13.713334389263599,0.5336914,32.93170381509589,49488.896457840456,20.97859240198078,7.265258012717181,75.03109407834278,268,230,538,0.2994791666666667
12.791490899991565,0.54296875,31.5665692413388,63571.65960828873,10.640272723971332,-2.151218176020233,65.45755690453223,269,230,538,0.2994791666666667
14.309564432455657,0.42236328,19.38485214953255,62662.21108388377,10.607900457557191,-3.701663974898466,104.76050996335957,270,77,691,0.10026041666666667
13.394620671758561,0.45361328,22.701133718459772,70447.08738661403,12.318176863739026,-1.076443808019535,59.078572629609205,271,79,689,0.10286458333333333
14.860331233384116,0.39990234,21.35116864825089,61906.02853837267,7.434331809574131,-7.425999423809985,147.7933186401276,272,230,538,0.2994791666666667
13.645550080355305,0.9013672,127.00491553708908,46772.85560474306,16.537349615496307,2.8917995351410024,164.7972485299089,273,230,538,0.2994791666666667
15.342290278843421,0.8520508,142.84499183339824,48152.51223373822,16.323164521435956,0.9808742425925345,72.18894149049802,274,230,538,0.2994791666666667
15.045065851015629,0.57373047,38.33425526391544,42674.54455864741,16.57168898706859,1.5266231360529616,56.965178297451466,275,230,538,0.2994791666666667
15.771533911298627,0.92333984,135.97338289717464,47429.532690336695,33.67841320703752,17.906879295738896,129.69416395685403,276,230,538,0.2994791666666667
16.70980107651209,0.7109375,57.365624087270454,38974.74828918177,13.30507182789268,-3.404729248619409,150.06816050438556,277,230,538,0.2994791666666667
14.316898743835548,0.39990234,18.16237076305098,41624.907464229495,19.549159608975337,5.232260865139789,99.19370395887222,278,230,538,0.2994791666666667
14.141676676616129,0.44482422,24.339664783915218,55628.63105930919,10.201717539497345,-3.939959137118784,126.2244624557116,279,230,538,0.2994791666666667
13.982149671531412,0.4555664,20.529119260621904,46920.63860507117,19.58748926662846,5.605339595097048,113.16594167958377,280,230,538,0.2994791666666667
13.7933666017047,0.7705078,70.41954138110931,36504.335360031124,25.723458294709644,11.930091693004945,116.72168704873675,281,230,538,0.2994791666666667
14.240503168596213,0.38720703,24.414259699243296,49137.430020040905,17.719592014558565,3.4790888459623517,173.35233970245855,282,106,662,0.13802083333333334
15.184885523018359,0.6557617,52.6761008521341,37627.411007882685,11.747000891634226,-3.437884631384133,45.67066713923022,283,230,538,0.2994791666666667
12.480353648674736,0.38427734,18.922731589753887,58041.25011797229,7.027880838241414,-5.452472810433322,85.86681842717195,284,230,538,0.2994791666666667
15.043548984347161,0.45898438,20.522846067111946,68284.13579418663,11.19274790622542,-3.8508010781217408,117.20392909448384,285,230,538,0.2994791666666667
16.976133129531657,0.7832031,82.3153636810253,37648.61221773194,33.54883770512871,16.572704575597054,101.31888475010865,286,230,538,0.2994791666666667
12.694953058569512,0.48046875,26.8788121214491,50959.67316753726,13.663633633092072,0.9686805745225602,129.86580582304177,287,100,668,0.13020833333333334
12.639063929468556,0.36523438,11.919359434356423,74834.94866192124,13.820796256051475,1.1817323265829192,72.93832334520243,288,230,538,0.2994791666666667
15.504079991322934,0.7709961,75.12466741220517,40028.567374439386,17.59589173890086,2.0918117475779265,75.78443694941163,289,230,538,0.2994791666666667
13.845375167177945,0.43603516,22.75971269593824,55510.02411625111,13.147679486283842,-0.6976956808941033,129.69814330924484,290,230,538,0.2994791666666667
14.030101715819946,0.93847656,139.54966192552268,42980.96046079445,18.492526441720457,4.462424725900512,107.67550927183746,291,230,538,0.2994791666666667
17.287283684459627,0.7529297,54.71024120338891,31543.958538527466,14.689859201275684,-2.597424483183943,142.55498876948124,292,230,538,0.2994791666666667
18.03528243181984,0.7421875,77.78879560184667,38646.67994186233,18.03954161032312,0.00425917850327906,106.49756430234902,293,230,538,0.2994791666666667
14.880887723665728,0.46826172,21.731477024220197,42778.71200622082,13.627573770779124,-1.2533139528866037,54.62962184795296,294,230,538,0.2994791666666667
16.0702338335943,0.8364258,66.46298320469384,38783.47557816629,17.839881569238287,1.7696477356439857,172.68770674434938,295,230,538,0.2994791666666667
14.27449191142391,0.41796875,21.05962438181048,61305.80090889761,9.200277044800348,-5.074214866623562,87.9077107620245,296,230,538,0.2994791666666667
15.226038833690234,0.8515625,107.34197587970318,40697.45099105939,27.908466667095485,12.682427833405251,134.78804672537035,297,230,538,0.2994791666666667
14.154492164073156,0.7783203,75.66690356487784,38673.03468270076,15.299504868675529,1.1450127046023724,111.66352448357259,298,230,538,0.2994791666666667
15.882377912127703,0.57714844,43.77520240780406,47250.20888369194,19.844944965733454,3.962567053605751,86.44124979291273,299,230,538,0.2994791666666667
14.946427420598813,0.43359375,29.089044374766633,56235.74216157333,10.708784678828415,-4.237642741770397,153.85133200874182,300,230,538,0.2994791666666667
12.863556145194018,0.2602539,8.826022381676639,56232.71856717916,12.3232363865449,-0.5403197586491171,108.21079631605903,301,79,689,0.10286458333333333
14.251621530162591,0.40625,22.12551114853067,62982.712968733525,9.134822972235243,-5.116798557927348,58.404741698003605,302,230,538,0.2994791666666667
12.770618380573486,0.9589844,148.4323166018732,44961.436358544524,20.310427740710534,7.539809360137047,111.91717174368071,303,230,538,0.2994791666666667
15.498515933449378,0.55322266,33.569668478948174,55637.19683349512,14.91269868349297,-0.585817249956408,152.85436491773163,304,230,538,0.2994791666666667
12.815951528495974,0.875,141.4973830434256,36667.3898790411,16.444400725906398,3.628449197410424,176.00178278374108,305,230,538,0.2994791666666667
13.791241061302312,0.9042969,158.56393545524952,49293.833483625334,17.00841685108911,3.217175789786797,106.82376033244029,306,230,538,0.2994791666666667
16.121938587281694,0.46191406,33.696915138985894,55103.32573266009,9.215805720519857,-6.906132866761837,137.24460159453008,307,230,538,0.2994791666666667
17.01909781048319,0.5493164,41.53362111284803,47158.03500599833,19.06931111226057,2.050213301777383,81.79524448822318,308,92,676,0.11979166666666667
15.186561501674076,0.45361328,29.661139072296052,45003.700535998825,16.29918792058865,1.1126264189145747,166.1830732349802,309,230,538,0.2994791666666667
13.475945481640048,0.40820312,17.734753865850468,58890.78591071888,8.381189619058643,-5.094755862581405,77.42238033494996,310,230,538,0.2994791666666667
12.2265117294498,0.42236328,20.175065096144635,61008.88174927672,9.286892812006087,-2.9396189174437133,61.25270802748365,311,230,538,0.2994791666666667
15.51281043305831,0.85253906,111.65264053321455,42812.62033353472,17.244169555445982,1.7313591223876728,132.8104385942474,312,230,538,0.2994791666666667
15.297474853205223,0.51171875,37.3308164535699,61308.18130167457,10.630806905492346,-4.666667947712877,112.55046027754106,313,230,538,0.2994791666666667
17.047280998667414,0.74365234,69.49229360444131,50166.73017454688,7.22357484971195,-9.823706148955464,128.1641658782956,314,230,538,0.2994791666666667
16.17395987201489,0.67285156,61.56814809394238,45387.958522453264,13.124411436605637,-3.0495484354092532,152.05087520555043,315,230,538,0.2994791666666667
12.700871052848605,0.91552734,122.84764209164251,38985.37200038228,13.754854252999314,1.053983200150709,153.6037238473973,316,230,538,0.2994791666666667
15.730386815675157,0.7597656,61.66292636479018,34493.46595865948,14.71937886655724,-1.0110079491179178,125.31144990870051,317,230,538,0.2994791666666667
16.92356991251493,0.5996094,63.408727739784396,47000.62301448136,33.53843502757681,16.61486511506188,105.98531530120792,318,230,538,0.2994791666666667
15.510132572377312,0.46435547,30.166345391017025,51577.87281819246,18.765817538969845,3.2556849665925327,142.86264108502314,319,230,538,0.2994791666666667
13.203003695629697,0.47070312,22.930383438386748,62033.797110027255,9.125989709238915,-4.0770139863907815,56.83896547692093,320,108,660,0.140625
13.598573713381017,0.40039062,15.529383646153619,65304.033318620015,11.819331891361314,-1.7792418220197028,125.91851978745945,321,230,538,0.2994791666666667
16.715804661896193,0.72021484,66.75770129046025,46836.336984655405,18.990632829681864,2.274828167785671,145.66715683058803,322,230,538,0.2994791666666667
14.509012520048854,0.5708008,46.5181204596181,52463.842817378056,21.38377921115426,6.874766691105405,158.44345969286374,323,230,538,0.2994791666666667
15.323545048636259,0.515625,36.82340134975577,42738.04892544102,14.181636146897588,-1.1419089017386703,78.41181238613234,324,230,538,0.2994791666666667
14.595202350230949,0.61376953,52.11818554685231,43519.99325773124,18.485390671858223,3.8901883216272743,65.11194499097351,325,230,538,0.2994791666666667
17.05725108614572,0.60546875,62.78429289549763,40619.580944550406,18.843300613096538,1.7860495269508192,130.94432246766962,326,230,538,0.2994791666666667
16.535160518529207,0.7475586,64.48516496191522,40603.99690211733,14.956078409113845,-1.5790821094153618,176.90493352555396,327,230,538,0.2994791666666667
14.877689430612426,0.92871094,139.84676762251212,48205.5883030711,14.809419497859066,-0.0682699327533598,79.7391760194576,328,230,538,0.2994791666666667
14.706443906260368,0.45214844,29.997896466206818,53618.548349788216,10.053791750031012,-4.652652156229356,141.46004697617974,329,230,538,0.2994791666666667
13.780981839967279,0.4423828,22.634970463986456,69607.89882500023,12.043114704264417,-1.7378671357028619,86.74706840048326,330,230,538,0.2994791666666667
15.061785699273598,0.4375,25.738918746233356,49521.35944855031,13.617882938318724,-1.4439027609548738,132.63308010110939,331,230,538,0.2994791666666667
15.183854555281703,0.92089844,135.91696137083892,52130.282185008924,13.961288276590203,-1.2225662786915006,127.14216389758326,332,230,538,0.2994791666666667
13.906512858426339,0.47460938,29.240769099132745,49167.36059162632,22.56044247650408,8.65392961807774,73.06434009889135,333,230,538,0.2994791666666667
15.387424516441373,0.54345703,28.606971751553132,50213.096549923546,13.961430727785514,-1.425993788655859,97.74925613173608,334,230,538,0.2994791666666667
15.442260655230996,0.48779297,30.852227264143856,55760.02882258159,12.480248016993114,-2.9620126382378817,142.08241485816316,335,230,538,0.2994791666666667
16.045484289796107,0.7890625,91.60286351320488,33226.539782978965,35.99104942989119,19.945565140095084,103.98965077333877,336,230,538,0.2994791666666667
13.452274654695614,0.39697266,17.836969370175396,58870.97623939047,9.939755611664587,-3.512519043031027,146.89896796753956,337,230,538,0.2994791666666667
13.143570325868513,0.48876953,26.492923002128983,51360.04868178525,10.874255370073405,-2.2693149557951084,64.88635476786413,338,230,538,0.2994791666666667
14.486481454839383,0.43554688,26.194789618110775,60163.435354091605,13.158162590158248,-1.328318864681135,118.87103617390393,339,230,538,0.2994791666666667
11.837821100748746,0.3725586,15.736698786862823,79272.91298247341,14.430045590685106,2.59222448993636,75.23793225779437,340,230,538,0.2994791666666667
12.133751355087847,0.4248047,21.808216048018952,61382.89662501819,9.818701860664307,-2.3150494944235405,67.33253394524115,341,230,538,0.2994791666666667
13.799373217929658,0.46875,27.011111206129993,57851.97072139292,11.031423241683736,-2.767949976245921,110.0787466946457,342,230,538,0.2994791666666667
12.501457666363194,0.4428711,24.240686135876203,50828.89580018477,13.49797945017811,0.9965217838149165,107.61886973487996,343,230,538,0.2994791666666667
13.296007323101138,0.58496094,38.6213520942224,46838.50329021215,18.36421208335777,5.0682047602566325,99.18112765435099,344,230,538,0.2994791666666667
17.845687860304057,0.79785156,72.67770734023816,39935.35858239382,22.04201923329535,4.196331372991292,92.39033600238398,345,230,538,0.2994791666666667
14.064301970356203,0.46484375,19.461997984263675,64116.05072783537,10.960708647159983,-3.10359332319622,132.99867661305188,346,230,538,0.2994791666666667
15.841133914007617,0.45458984,31.188315618287586,55212.675622769006,12.10074382876136,-3.7403900852462577,127.3199887487601,347,230,538,0.2994791666666667
12.812614011278276,0.92333984,130.840868131037,47624.60692037271,18.437231643329287,5.624617632051011,94.78450881101682,348,230,538,0.2994791666666667
14.838628638737152,0.42578125,22.218043847673687,39900.46103993266,17.490488994700904,2.651860355963752,167.37148336233133,349,230,538,0.2994791666666667
18.081416340373423,0.6459961,63.612861813715455,39797.19237372215,22.99583649381297,4.914420153439547,181.61377474185954,350,230,538,0.2994791666666667
14.417204311077615,0.47558594,18.848240823416507,62370.2389237921,13.986490009535311,-0.43071430154230406,85.73536442494517,351,230,538,0.2994791666666667
13.892729836468693,0.51171875,28.598487082192463,31674.994221637568,10.967728553763896,-2.9250012827047964,128.78152939075954,352,230,538,0.2994791666666667
12.429584324117366,0.9350586,136.2396468833991,38670.20912605062,10.865985368120112,-1.5635989559972536,145.4074400468749,353,230,538,0.2994791666666667
17.199778640447022,0.6616211,62.54840980664714,46098.93509575754,20.515649582214287,3.3158709417672654,128.812504481187,354,230,538,0.2994791666666667
14.614327268384578,0.62158203,44.48161902086271,32793.69151124442,20.78484301083886,6.170515742454281,148.69865969681067,355,230,538,0.2994791666666667
15.137832647026519,0.54052734,35.384700542827375,42419.62640675144,16.920861884916093,1.7830292378895738,58.490886918088535,356,230,538,0.2994791666666667
14.669787504115595,0.42285156,24.267787693947493,58584.01221473087,11.421531695690135,-3.2482558084254602,94.33133505628464,357,230,538,0.2994791666666667
17.885729234441655,0.6616211,62.437868574340776,40580.145240560814,17.844392856031625,-0.041336378410029795,136.5422836633225,358,230,538,0.2994791666666667
15.154250423655249,0.79296875,81.03707014589193,37085.7291776578,27.399904971146984,12.245654547491736,104.48034629530866,359,230,538,0.2994791666666667
14.007471209801206,0.5371094,28.168036734546373,51721.736619290816,7.364742128682491,-6.642729081118715,100.48633308242789,360,230,538,0.2994791666666667
16.38497293864428,0.7949219,74.98418395223209,30752.2365557834,21.20104386573521,4.8160709270909265,109.83702554662167,361,230,538,0.2994791666666667
15.201583512373858,0.4555664,35.75174884077171,60166.411657855686,10.526479280406313,-4.675104231967545,142.1641713744471,362,230,538,0.2994791666666667
17.188456436361744,0.80859375,140.0023067647398,50326.98607428017,9.781348848508058,-7.407107587853686,130.4768507069083,363,230,538,0.2994791666666667
14.513512469817368,0.86865234,97.24252599702452,32106.482624151704,20.10827379881821,5.594761329000843,90.51088238510803,364,230,538,0.2994791666666667
13.16519371594551,0.8227539,142.32123464479912,40356.52081622493,17.93357734711766,4.768383631172149,161.2152689380815,365,230,538,0.2994791666666667
14.16419647231691,0.8808594,116.93353361181599,43793.77782271994,17.70514343188909,3.5409469595721816,61.05833551062373,366,230,538,0.2994791666666667
16.41054401453538,0.58740234,32.3388173751682,50766.59468177246,13.477490451450208,-2.9330535630851706,119.21065553308772,367,230,538,0.2994791666666667
16.45836806442192,0.59375,51.534856905769544,47546.861106950964,15.136902109928123,-1.321465954493796,95.26608866088148,368,230,538,0.2994791666666667
14.203806503573809,0.8955078,135.02504756176916,52369.78801200996,11.813732290032661,-2.3900742135411477,143.75983156931062,369,230,538,0.2994791666666667
16.53942408789829,0.78271484,89.48814469318037,42999.39799060384,14.65832123614767,-1.8811028517506205,133.2607839831961,370,230,538,0.2994791666666667
14.146888721908688,0.46289062,32.48145645951742,48635.7482843665,25.032683229398977,10.885794507490289,119.49566063557477,371,230,538,0.2994791666666667
17.30272598914143,0.71728516,76.32530723847799,38108.85850844309,26.49773304606839,9.195007056926961,135.89131425016853,372,116,652,0.15104166666666666
17.34241368295173,0.68066406,72.22180701429497,35542.849499498065,21.59200666867706,4.249592985725332,195.7259438304995,373,230,538,0.2994791666666667
15.124300881983652,0.8911133,113.99509168906438,42080.38603620236,19.59389476373463,4.4695938817509795,88.9513798677534,374,230,538,0.2994791666666667
15.209953646778471,0.70947266,55.79369577073183,29544.78450451338,21.739039755742667,6.529086108964195,116.25735949255426,375,230,538,0.2994791666666667
18.22687490593754,0.81640625,137.20088690896364,37148.19291935403,21.382071676649336,3.1551967707117967,99.89563246511406,376,230,538,0.2994791666666667
14.810602187827868,0.5415039,31.057431990138898,40309.175104046466,20.81905202528205,6.008449837454183,103.78026730781707,377,230,538,0.2994791666666667
15.540048641309966,0.50878906,34.40866187718604,53634.74647639406,9.201133562806461,-6.338915078503504,168.6370322783902,378,230,538,0.2994791666666667
14.537755575294359,0.7470703,57.712734110895916,35498.28874594064,18.560876859345846,4.023121284051488,82.0753270095538,379,230,538,0.2994791666666667
15.435093328486841,0.8696289,111.4158885411859,42554.38498335728,24.043252066599344,8.608158738112502,76.30489689083791,380,230,538,0.2994791666666667
15.661914460990234,0.5810547,39.99109490216796,41690.27765868809,17.862643945506697,2.2007294845164633,61.681301319188336,381,230,538,0.2994791666666667
12.86562093253806,0.5390625,26.4708015586452,58292.37852638245,8.980196771236919,-3.8854241613011418,78.99648328429156,382,230,538,0.2994791666666667
12.632067566458305,0.52197266,36.32676871165648,48091.447878548664,18.938113376286545,6.306045809828239,72.27740666909688,383,230,538,0.2994791666666667
13.733590883731832,0.42041016,28.720615860533357,57651.58772159695,11.206244760997212,-2.5273461227346203,149.36056720933627,384,90,678,0.1171875
13.300229227910963,0.52978516,29.750535263862975,46720.2531939408,11.856906895209804,-1.4433223327011593,205.45492854015185,385,230,538,0.2994791666666667
17.076517506686383,0.90234375,107.26985404132422,56126.09588821975,10.144196128550787,-6.932321378135596,171.7481091484477,386,230,538,0.2994791666666667
17.748486937531016,0.81152344,93.73767453751373,49306.30243878339,17.765815021116982,0.017328083585965715,109.74029533439163,387,230,538,0.2994791666666667
15.82222929262183,0.84472656,114.15096422728895,43981.8362931671,20.761827250551157,4.939597957929326,91.88864522685293,388,230,538,0.2994791666666667
13.872907023089503,0.4111328,19.97228093425406,65019.86299564864,8.211976423634269,-5.660930599455234,145.7436841119674,389,230,538,0.2994791666666667
15.166099663890298,0.7675781,65.64099006314095,27061.525807661408,14.037793230421535,-1.1283064334687634,162.5638643744959,390,230,538,0.2994791666666667
16.296241936467297,0.5229492,28.034756643159483,60056.02254116448,10.120396040033627,-6.175845896433669,120.82076085992739,391,230,538,0.2994791666666667
16.937952700129273,0.7836914,77.3590919202417,28556.486732858782,18.03170006571087,1.0937473655815957,115.29444697792204,392,230,538,0.2994791666666667
14.034094569217126,0.3984375,18.396172758727033,51905.37959749686,9.2291041183618,-4.8049904508553265,129.61538239741247,393,230,538,0.2994791666666667
13.596255863124465,0.4399414,24.092861186263683,52388.3230564374,5.100558754834377,-8.495697108290088,231.0407912127663,394,230,538,0.2994791666666667
13.440320769404703,0.84521484,67.45020090060063,38295.87425568994,10.205622345388335,-3.2346984240163685,128.6059156654716,395,230,538,0.2994791666666667
14.339683930235442,0.41357422,23.41066713586624,67357.73105518163,6.95378464282025,-7.385899287415191,139.14616939260065,396,230,538,0.2994791666666667
15.050755037695717,0.64208984,54.846115360819695,32302.68274817347,22.037833251439842,6.987078213744125,118.23494174971736,397,230,538,0.2994791666666667
14.866092085574689,0.7011719,54.77707239749284,38837.700553654104,13.90832525200658,-0.9577668335681082,75.31312610505987,398,230,538,0.2994791666666667
16.00563668722265,0.8022461,103.3398497970203,30600.591770456867,33.8438087854272,17.83817209820455,110.51026904404137,399,230,538,0.2994791666666667
13.57405624549931,0.44580078,24.704621975432453,59393.979945732,7.527743648576044,-6.046312596923267,78.51334708790996,400,92,676,0.11979166666666667
